                  epoch,         train/box_loss,         train/cls_loss,         train/dfl_loss,   metrics/precision(B),      metrics/recall(B),       metrics/mAP50(B),    metrics/mAP50-95(B),           val/box_loss,           val/cls_loss,           val/dfl_loss,                 lr/pg0,                 lr/pg1,                 lr/pg2
                      0,                 1.5549,                 1.7902,                 1.5624,                0.26289,                0.17907,                0.14352,                 0.0669,                 2.2832,                 2.8868,                 1.3003,               0.070108,              0.0033213,              0.0033213
                      1,                 1.3482,                 1.2047,                 1.2807,                0.27854,                0.18945,                0.12645,                0.05939,                 2.1419,                  2.547,                 1.2535,               0.038791,               0.005337,               0.005337
                      2,                 1.3441,                 1.1438,                 1.2464,                0.23817,                0.16984,                0.12953,                0.06167,                  2.317,                 7.5648,                 1.3272,              0.0061531,              0.0060327,              0.0060327
                      3,                 1.3078,                   1.04,                 1.2078,                0.78607,                0.57534,                0.65946,                0.31762,                  1.742,                 1.4336,                 1.0667,                0.00406,                0.00406,                0.00406
                      4,                 1.2354,                0.91076,                   1.17,                0.88328,                0.68253,                0.77391,                0.39853,                 1.6405,                0.98193,                 1.0478,                0.00406,                0.00406,                0.00406
