                  epoch,         train/box_loss,         train/cls_loss,         train/dfl_loss,   metrics/precision(B),      metrics/recall(B),       metrics/mAP50(B),    metrics/mAP50-95(B),           val/box_loss,           val/cls_loss,           val/dfl_loss,                 lr/pg0,                 lr/pg1,                 lr/pg2
                      0,                 1.7461,                 2.4908,                 1.6406,                0.01626,                0.03028,                0.00385,                0.00161,                 3.9608,                 13.024,                  4.673,               0.010325,              0.0099639,              0.0099639
                      1,                 1.6981,                  1.874,                 1.5062,                0.21264,                0.20329,                0.08427,                0.03548,                  2.256,                 3.1075,                  1.563,              0.0090546,              0.0090546,              0.0090546
                      2,                 1.5767,                 1.5691,                 1.4168,                0.56133,                 0.3737,                0.40558,                0.18955,                 1.9152,                 2.4785,                 1.3161,              0.0090546,              0.0090546,              0.0090546
                      3,                  1.465,                   1.31,                 1.3352,                0.76277,                0.53633,                0.59652,                0.29312,                 1.8397,                 1.5489,                 1.2819,              0.0065796,              0.0065796,              0.0065796
                      4,                 1.3521,                  1.109,                 1.2672,                0.83826,                0.64014,                0.74639,                0.40246,                 1.6453,                  1.313,                 1.1851,              0.0035204,              0.0035204,              0.0035204
